cardname,cardq,cardid,cardrarity,cardcondition,card_edition,cardset,cardcode
"4-Starred Ladybug of Doom",1,83994646,"Common","M","Unlimited","Pharaoh's Servant","PSV-088"
"4-Starred Ladybug of Doom",1,83994646,"Common","M","1st Edition","Pharaoh's Servant","PSV-088"
"7 Colored Fish",3,23771716,"Common","M","Unlimited","Metal Raiders","MRD-098"
"7 Completed",5,86198326,"Common","M","Unlimited","Pharaoh's Servant","PSV-004"
"7 Completed",1,86198326,"Common","M","1st Edition","Pharaoh's Servant","PSV-004"
"8-Claws Scorpion",3,14261867,"Common","M","Unlimited","Pharaonic Guardian","PGD-024"
"A Cat of Ill Omen",6,24140059,"Common","M","Unlimited","Pharaonic Guardian","PGD-070"
"A Feint Plan",5,68170903,"Common","M","Unlimited","Legacy of Darkness","LOD-032"
"A Legendary Ocean",1,295517,"Common","M","1st Edition","Legacy of Darkness","LOD-078"
"A Legendary Ocean",3,295517,"Common","M","Unlimited","Legacy of Darkness","LOD-078"
"A Man with Wdjat",1,51351302,"Common","M","Unlimited","Pharaonic Guardian","PGD-068"
"A Wingbeat of Giant Dragon",2,28596933,"Common","M","Unlimited","Legacy of Darkness","LOD-044"
"After The Struggle",1,25345186,"Rare","M","Unlimited","Legacy of Darkness","LOD-086"
"Amazoness Archer",3,91869203,"Common","M","Unlimited","Labyrinth of Nightmare","LON-032"
"Ameba",2,95174353,"Rare","M","Unlimited","Magic Ruler","MRL-010"
"Amphibian Beast",1,67371383,"Rare","M","Unlimited","Labyrinth of Nightmare","LON-008"
"An Owl of Luck",3,23927567,"Common","M","Unlimited","Pharaonic Guardian","PGD-073"
"Ancient Brain",1,42431843,"Common","M","1st Edition","Metal Raiders","MRD-082"
"Ancient Brain",2,42431843,"Common","M","Unlimited","Metal Raiders","MRD-082"
"Ancient Elf",2,93221206,"Common","M","Unlimited","Metal Raiders","MRD-037"
"Ancient One of the Deep Forest",3,14015067,"Common","M","Unlimited","Magic Ruler","MRL-018"
"Appropriate",1,48539234,"Rare","M","1st Edition","Pharaoh's Servant","PSV-024"
"Appropriate",1,48539234,"Rare","M","Unlimited","Pharaoh's Servant","PSV-024"
"Aqua Spirit",3,40916023,"Common","M","Unlimited","Labyrinth of Nightmare","LON-068"
"Aqua Spirit",1,40916023,"Common","M","1st Edition","Labyrinth of Nightmare","LON-068"
"Armaill",1,53153481,"Common","M","1st Edition","The Legend of Blue Eyes White Dragon","LOB-079"
"Armaill",1,53153481,"Common","M","Unlimited","The Legend of Blue Eyes White Dragon","LOB-079"
"Armed Ninja",3,9076207,"Rare","M","Unlimited","The Legend of Blue Eyes White Dragon","LOB-106"
"Armored Glass",3,36868108,"Common","M","Unlimited","Pharaoh's Servant","PSV-019"
"Armored Glass",2,36868108,"Common","M","1st Edition","Pharaoh's Servant","PSV-019"
"Armored Lizard",1,15480588,"Common","M","Unlimited","Metal Raiders","MRD-005"
"Armored Starfish",4,17535588,"Common","M","Unlimited","The Legend of Blue Eyes White Dragon","LOB-116"
"Armored Zombie",2,20277860,"Common","M","Unlimited","Metal Raiders","MRD-013"
"Array of Revealing Light",1,69296555,"Rare","M","Unlimited","Legacy of Darkness","LOD-029"
"Arsenal Bug",3,42364374,"Common","M","Unlimited","Pharaonic Guardian","PGD-007"
"Asura Priest",2,2134346,"Super Rare","M","Unlimited","Legacy of Darkness","LOD-071"
"Attack and Receive",1,63689843,"Common","M","1st Edition","Pharaoh's Servant","PSV-054"
"Attack and Receive",1,63689843,"Common","M","Unlimited","Pharaoh's Servant","PSV-054"
"Axe of Despair",1,40619825,"Ultra Rare","M","Unlimited","Magic Ruler","MRL-002"
"Bait Doll",3,7165085,"Common","M","Unlimited","Labyrinth of Nightmare","LON-096"
"Bait Doll",1,7165085,"Common","M","1st Edition","Labyrinth of Nightmare","LON-096"
"Banner of Courage",2,10012614,"Common","M","Unlimited","Pharaonic Guardian","PGD-089"
"Bark of Dark Ruler",6,41925941,"Common","M","Unlimited","Legacy of Darkness","LOD-010"
"Basic Insect",2,89091579,"Common","M","Unlimited","The Legend of Blue Eyes White Dragon","LOB-008"
"Battle Steer",4,18246479,"Common","M","Unlimited","Metal Raiders","MRD-064"
"Beast Fangs",3,46009906,"Common","M","Unlimited","The Legend of Blue Eyes White Dragon","LOB-041"
"Beaver Warrior",1,32452818,"Common","M","Unlimited","The Legend of Blue Eyes White Dragon","LOB-064"
"Beaver Warrior",1,32452818,"Common","M","1st Edition","The Legend of Blue Eyes White Dragon","LOB-064"
"Bickuribox",5,25655502,"Common","M","Unlimited","Metal Raiders","MRD-093"
"Big Eye",2,16768387,"Common","M","Unlimited","Metal Raiders","MRD-017"
"Bio-Mage",2,58696829,"Common","M","Unlimited","Labyrinth of Nightmare","LON-043"
"Bio-Mage",1,58696829,"Common","M","1st Edition","Labyrinth of Nightmare","LON-043"
"Birdface",2,45547649,"Common","M","Unlimited","Pharaonic Guardian","PGD-005"
"Bite Shoes",1,50122883,"Common","M","Unlimited","Pharaoh's Servant","PSV-080"
"Bite Shoes",1,50122883,"Common","M","1st Edition","Pharaoh's Servant","PSV-080"
"Black Illusion Ritual",1,41426869,"Super Rare","M","1st Edition","Magic Ruler","MRL-051"
"Blackland Fire Dragon",2,87564352,"Common","M","Unlimited","Metal Raiders","MRD-062"
"Bladefly",1,28470714,"Rare","M","1st Edition","Metal Raiders","MRD-118"
"Blast Juggler",3,70138455,"Common","M","Unlimited","Metal Raiders","MRD-034"
"Blast with Chain",1,98239899,"Rare","M","Unlimited","Legacy of Darkness","LOD-088"
"Blind Destruction",4,32015116,"Common","M","Unlimited","Labyrinth of Nightmare","LON-086"
"Block Attack",1,25880422,"Common","M","Unlimited","Metal Raiders","MRD-133"
"Blue-Winged Crown",1,41396436,"Common","M","1st Edition","Metal Raiders","MRD-122"
"Blue-Winged Crown",2,41396436,"Common","M","Unlimited","Metal Raiders","MRD-122"
"Boar Soldier",2,21340051,"Common","M","Unlimited","Magic Ruler","MRL-089"
"Boar Soldier",1,21340051,"Common","M","1st Edition","Magic Ruler","MRL-089"
"Bombardment Beetle",3,57409948,"Common","M","Unlimited","Pharaoh's Servant","PSV-087"
"Boneheimer",1,98456117,"Common","M","Unlimited","Labyrinth of Nightmare","LON-057"
"Book of Moon",2,14087893,"Rare","M","Unlimited","Pharaonic Guardian","PGD-035"
"Book of Secret Arts",2,91595718,"Common","M","Unlimited","The Legend of Blue Eyes White Dragon","LOB-043"
"Book of Taiyou",1,38699854,"Common","M","1st Edition","Pharaonic Guardian","PGD-034"
"Book of Taiyou",2,38699854,"Common","M","Unlimited","Pharaonic Guardian","PGD-034"
"Bottom Dweller",1,81386177,"Common","M","Unlimited","Metal Raiders","MRD-039"
"Bottomless Shifting Sand",2,76532077,"Common","M","Unlimited","Pharaonic Guardian","PGD-043"
"Bubble Crash",4,61622107,"Common","M","Unlimited","Legacy of Darkness","LOD-090"
"Bubble Crash",1,61622107,"Common","M","1st Edition","Legacy of Darkness","LOD-090"
"Bubonic Vermin",1,6104968,"Common","M","1st Edition","Pharaoh's Servant","PSV-057"
"Bubonic Vermin",2,6104968,"Common","M","Unlimited","Pharaoh's Servant","PSV-057"
"Burning Land",3,24294108,"Common","M","1st Edition","Pharaoh's Servant","PSV-061"
"Burning Land",2,24294108,"Common","M","Unlimited","Pharaoh's Servant","PSV-061"
"Burst Breath",3,80163754,"Common","M","Unlimited","Legacy of Darkness","LOD-049"
"Buster Rancher",3,84740193,"Common","M","Unlimited","Pharaonic Guardian","PGD-085"
"Call of the Mummy",5,4861205,"Common","M","Unlimited","Pharaonic Guardian","PGD-038"
"Cannon Soldier",1,11384280,"Rare","M","Unlimited","Metal Raiders","MRD-106"
"Card Shuffle",2,12183332,"Common","M","Unlimited","Pharaonic Guardian","PGD-080"
"Castle of Dark Illusions",3,62121,"Common","M","Unlimited","Metal Raiders","MRD-073"
"Cave Dragon",3,93220472,"Common","M","Unlimited","Legacy of Darkness","LOD-040"
"Ceasefire",1,36468556,"Ultra Rare","M","Unlimited","Pharaoh's Servant","PSV-030"
"Chain Energy",2,79323590,"Common","M","Unlimited","Magic Ruler","MRL-046"
"Chorus of Sanctuary",2,81380218,"Common","M","Unlimited","Magic Ruler","MRL-037"
"Chosen One",1,21888494,"Common","M","Unlimited","Labyrinth of Nightmare","LON-014"
"Cobra Jar",2,86801871,"Common","M","Unlimited","Pharaonic Guardian","PGD-075"
"Cobraman Sakuzy",2,75109441,"Common","M","Unlimited","Pharaonic Guardian","PGD-032"
"Cocoon of Evolution",1,40240595,"Common","M","Unlimited","Metal Raiders","MRD-011"
"Coffin Seller",2,65830223,"Rare","M","Unlimited","Pharaonic Guardian","PGD-093"
"Cold Wave",2,60682203,"Common","M","1st Edition","Pharaoh's Servant","PSV-062"
"Cold Wave",4,60682203,"Common","M","Unlimited","Pharaoh's Servant","PSV-062"
"Collected Power",6,7565547,"Common","M","Unlimited","Labyrinth of Nightmare","LON-078"
"Collected Power",2,7565547,"Common","M","1st Edition","Labyrinth of Nightmare","LON-078"
"Commencement Dance",2,43417563,"Common","M","Unlimited","Magic Ruler","MRL-062"
"Convulsion of Nature",1,62966332,"Common","M","Unlimited","Legacy of Darkness","LOD-084"
"Crab Turtle",4,91782219,"Common","M","Unlimited","Magic Ruler","MRL-069"
"Crab Turtle",1,91782219,"Common","M","1st Edition","Magic Ruler","MRL-069"
"Crass Clown",1,93889755,"Common","M","Unlimited","Metal Raiders","MRD-078"
"Creature Swap",1,31036355,"Ultra Rare","M","Unlimited","Legacy of Darkness","LOD-081"
"Crimson Sentry",3,28358902,"Common","M","Unlimited","Labyrinth of Nightmare","LON-033"
"Cure Mermaid",3,85802526,"Common","M","Unlimited","Labyrinth of Nightmare","LON-041"
"Curse of Aging",2,41398771,"Common","M","Unlimited","Pharaonic Guardian","PGD-094"
"Curse of Dragon",1,28279543,"Super Rare","M","1st Edition","The Legend of Blue Eyes White Dragon","LOB-066"
"Curse of Dragon",1,28279543,"Super Rare","M","Unlimited","The Legend of Blue Eyes White Dragon","LOB-066"
"Curse of Fiend",7,12470447,"Common","M","Unlimited","Magic Ruler","MRL-032"
"Curse of Fiend",1,12470447,"Common","M","1st Edition","Magic Ruler","MRL-032"
"Curse of Royal",1,2926176,"Rare","M","Unlimited","Pharaonic Guardian","PGD-044"
"Curse of the Masked Beast",4,94377247,"Common","M","Unlimited","Labyrinth of Nightmare","LON-016"
"Cyber Falcon",2,30655537,"Common","M","1st Edition","Pharaoh's Servant","PSV-047"
"Cyber Jar",2,34124316,"Rare","M","Unlimited","Magic Ruler","MRL-077"
"Cyber Jar",1,34124316,"Rare","M","1st Edition","Magic Ruler","MRL-077"
"Cyclon Laser",2,5494820,"Common","M","Unlimited","Labyrinth of Nightmare","LON-095"
"Cyclon Laser",2,5494820,"Common","M","1st Edition","Labyrinth of Nightmare","LON-095"
"D. Tribe",1,2833249,"Common","M","1st Edition","Pharaonic Guardian","PGD-102"
"D. Tribe",5,2833249,"Common","M","Unlimited","Pharaonic Guardian","PGD-102"
"Dancing Fairy",1,90925163,"Common","M","Unlimited","Labyrinth of Nightmare","LON-038"
"Dark Bat",1,67049542,"Common","M","1st Edition","Pharaoh's Servant","PSV-058"
"Dark Coffin",2,1804528,"Common","M","Unlimited","Pharaonic Guardian","PGD-047"
"Dark Designator",2,78053598,"Rare","M","Unlimited","Pharaonic Guardian","PGD-079"
"Dark Dust Spirit",2,89111398,"Common","M","Unlimited","Pharaonic Guardian","PGD-017"
"Dark Elf",1,21417692,"Rare","M","Unlimited","Metal Raiders","MRD-113"
"Dark Energy",2,4614116,"Common","M","Unlimited","The Legend of Blue Eyes White Dragon","LOB-088"
"Dark Energy",1,4614116,"Common","M","1st Edition","The Legend of Blue Eyes White Dragon","LOB-088"
"Dark Gray",3,9159938,"Common","M","1st Edition","The Legend of Blue Eyes White Dragon","LOB-011"
"Dark Scorpion Burglars",4,40933924,"Common","M","Unlimited","Pharaonic Guardian","PGD-028"
"Dark Snake Syndrome",5,47233801,"Common","M","Unlimited","Pharaonic Guardian","PGD-087"
"Dark Witch",2,35565537,"Common","M","Unlimited","Magic Ruler","MRL-019"
"Dark Zebra",2,59784896,"Common","M","Unlimited","Magic Ruler","MRL-084"
"Darkfire Dragon",1,17881964,"Rare","M","Unlimited","The Legend of Blue Eyes White Dragon","LOB-019"
"Darkfire Soldier #1",2,5388481,"Common","M","Unlimited","Pharaoh's Servant","PSV-043"
"Darkfire Soldier #2",3,78861134,"Common","M","Unlimited","Pharaoh's Servant","PSV-045"
"Darklord Marie",1,57579381,"Rare","M","Unlimited","Labyrinth of Nightmare","LON-046"
"Darkness Approaches",3,80168720,"Common","M","Unlimited","Magic Ruler","MRL-040"
"Darkworld Thorns",3,43500484,"Common","M","Unlimited","The Legend of Blue Eyes White Dragon","LOB-114"
"De-Fusion",1,95286165,"Super Rare","M","Unlimited","Labyrinth of Nightmare","LON-097"
"Deal of Phantom",4,69122763,"Common","M","Unlimited","Labyrinth of Nightmare","LON-084"
"Deepsea Shark",2,28593363,"Common","M","Unlimited","Metal Raiders","MRD-038"
"Deepsea Warrior",2,24128274,"Common","M","1st Edition","Pharaoh's Servant","PSV-079"
"Deepsea Warrior",2,24128274,"Common","M","Unlimited","Pharaoh's Servant","PSV-079"
"Des Lacooda",5,2326738,"Common","M","Unlimited","Pharaonic Guardian","PGD-030"
"Destroyer Golem",2,73481154,"Common","M","Unlimited","Metal Raiders","MRD-040"
"Dice Jar",3,3549275,"Common","M","Unlimited","Pharaonic Guardian","PGD-027"
"Different Dimension Capsule",2,11961740,"Common","M","Unlimited","Pharaonic Guardian","PGD-083"
"Disappear",1,24623598,"Common","M","1st Edition","Legacy of Darkness","LOD-089"
"Disappear",1,24623598,"Common","M","Unlimited","Legacy of Darkness","LOD-089"
"Dissolverock",1,40826495,"Common","M","Unlimited","The Legend of Blue Eyes White Dragon","LOB-031"
"Disturbance Strategy",1,77561728,"Common","M","Unlimited","Pharaonic Guardian","PGD-098"
"DNA Surgery",2,74701381,"Common","M","Unlimited","Pharaoh's Servant","PSV-026"
"DNA Surgery",1,74701381,"Common","M","1st Edition","Pharaoh's Servant","PSV-026"
"Dokuroyaiba",1,30325729,"Common","M","Unlimited","Pharaoh's Servant","PSV-099"
"Dokuroyaiba",1,30325729,"Common","M","1st Edition","Pharaoh's Servant","PSV-099"
"Doma The Angel of Silence",1,16972957,"Common","M","Unlimited","Metal Raiders","MRD-015"
"Double Snare",3,3682106,"Common","M","Unlimited","Legacy of Darkness","LOD-015"
"Dragon Manipulator",2,63018132,"Common","M","Unlimited","Legacy of Darkness","LOD-026"
"Dragon Piper",1,55763552,"Common","M","Unlimited","Metal Raiders","MRD-067"
"Dragon's Gunfire",2,55991637,"Common","M","1st Edition","Legacy of Darkness","LOD-045"
"Dragon's Gunfire",2,55991637,"Common","M","Unlimited","Legacy of Darkness","LOD-045"
"Dragon's Rage",4,54178050,"Common","M","Unlimited","Legacy of Darkness","LOD-048"
"Dragonic Attack",1,32437102,"Common","M","1st Edition","Labyrinth of Nightmare","LON-101"
"Dragonic Attack",1,32437102,"Common","M","Unlimited","Labyrinth of Nightmare","LON-101"
"Dream Clown",2,13215230,"Common","M","Unlimited","Metal Raiders","MRD-080"
"Dream Clown",1,13215230,"Common","M","1st Edition","Metal Raiders","MRD-080"
"Dreamsprite",3,8687195,"Common","M","Unlimited","Labyrinth of Nightmare","LON-073"
"Drill Bug",6,88733579,"Common","M","Unlimited","Pharaoh's Servant","PSV-078"
"Drill Bug",1,88733579,"Common","M","1st Edition","Pharaoh's Servant","PSV-078"
"Driving Snow",2,473469,"Common","M","1st Edition","Pharaoh's Servant","PSV-018"
"Driving Snow",2,473469,"Common","M","Unlimited","Pharaoh's Servant","PSV-018"
"Drooling Lizard",3,16353197,"Common","M","Unlimited","The Legend of Blue Eyes White Dragon","LOB-115"
"Dust Tornado",1,60082869,"Super Rare","M","Unlimited","Pharaoh's Servant","PSV-011"
"Earthbound Spirit",2,67105242,"Common","M","Unlimited","Labyrinth of Nightmare","LON-055"
"Earthshaker",2,60866277,"Common","M","Unlimited","Pharaoh's Servant","PSV-014"
"Earthshaker",1,60866277,"Common","M","1st Edition","Pharaoh's Servant","PSV-014"
"Eatgaboon",3,42578427,"Common","M","Unlimited","Magic Ruler","MRL-065"
"Ekibyo Drakmord",3,69954399,"Common","M","Unlimited","Labyrinth of Nightmare","LON-099"
"Electric Lizard",1,55875323,"Common","M","1st Edition","Metal Raiders","MRD-048"
"Electric Snake",1,11324436,"Common","M","Unlimited","Magic Ruler","MRL-008"
"Electro-Whip",1,37820550,"Common","M","1st Edition","The Legend of Blue Eyes White Dragon","LOB-093"
"Elegant Egotist",1,90219263,"Rare","M","Unlimited","Metal Raiders","MRD-024"
"Emergency Provisions",3,53046408,"Common","M","Unlimited","Legacy of Darkness","LOD-033"
"Empress Judge",2,15237615,"Common","M","Unlimited","Metal Raiders","MRD-046"
"Enchanted Javelin",1,96355986,"Common","M","Unlimited","Pharaoh's Servant","PSV-015"
"Eternal Rest",5,95051344,"Common","M","Unlimited","Magic Ruler","MRL-060"
"Eternal Rest",1,95051344,"Common","M","1st Edition","Magic Ruler","MRL-060"
"Fairy Box",2,21598948,"Common","M","Unlimited","Labyrinth of Nightmare","LON-024"
"Fairy Guardian",2,22419772,"Common","M","Unlimited","Labyrinth of Nightmare","LON-039"
"Fairy's Hand Mirror",4,17653779,"Common","M","Unlimited","Magic Ruler","MRL-041"
"Fake Trap",1,3027001,"Rare","M","Unlimited","Metal Raiders","MRD-056"
"Fatal Abacus",1,77910045,"Rare","M","Unlimited","Legacy of Darkness","LOD-011"
"Fengsheng Mirror",5,37406863,"Common","M","Unlimited","Legacy of Darkness","LOD-075"
"Fengsheng Mirror",1,37406863,"Common","M","1st Edition","Legacy of Darkness","LOD-075"
"Feral Imp",2,41392891,"Common","M","Unlimited","Metal Raiders","MRD-001"
"Fiber Jar",1,78706415,"Ultra Rare","M","Unlimited","Legacy of Darkness","LOD-056"
"Fiend Comedian",6,81172176,"Common","M","Unlimited","Legacy of Darkness","LOD-098"
"Fiend Reflection #2",1,2863439,"Common","M","Unlimited","The Legend of Blue Eyes White Dragon","LOB-021"
"Final Destiny",2,18591904,"Common","M","Unlimited","Magic Ruler","MRL-035"
"Final Flame",2,73134082,"Rare","M","Unlimited","The Legend of Blue Eyes White Dragon","LOB-100"
"Fire Kraken",3,46534755,"Common","M","Unlimited","Magic Ruler","MRL-014"
"Fire Kraken",1,46534755,"Common","M","1st Edition","Magic Ruler","MRL-014"
"Fire Sorcerer",3,27132350,"Common","M","Unlimited","Labyrinth of Nightmare","LON-036"
"Firegrass",1,53293545,"Common","M","Unlimited","The Legend of Blue Eyes White Dragon","LOB-018"
"Fireyarou",3,71407486,"Common","M","Unlimited","The Legend of Blue Eyes White Dragon","LOB-085"
"Fissure",2,66788016,"Rare","M","1st Edition","The Legend of Blue Eyes White Dragon","LOB-057"
"Fissure",1,66788016,"Rare","M","Unlimited","The Legend of Blue Eyes White Dragon","LOB-057"
"Flame Cerebrus",3,60862676,"Common","M","Unlimited","Metal Raiders","MRD-111"
"Flame Champion",1,42599677,"Common","M","Unlimited","Pharaoh's Servant","PSV-041"
"Flame Champion",1,42599677,"Common","M","1st Edition","Pharaoh's Servant","PSV-041"
"Flame Dancer",4,12883044,"Common","M","Unlimited","Labyrinth of Nightmare","LON-058"
"Flame Dancer",1,12883044,"Common","M","1st Edition","Labyrinth of Nightmare","LON-058"
"Flame Manipulator",1,34460851,"Common","M","Unlimited","The Legend of Blue Eyes White Dragon","LOB-016"
"Flame Manipulator",1,34460851,"Common","M","1st Edition","The Legend of Blue Eyes White Dragon","LOB-016"
"Flash Assailant",3,96890582,"Common","M","Unlimited","Magic Ruler","MRL-082"
"Flying Kamakiri #1",2,84834865,"Rare","M","Unlimited","Magic Ruler","MRL-091"
"Flying Kamakiri #2",1,3134241,"Common","M","1st Edition","Pharaoh's Servant","PSV-048"
"Follow Wind",2,98252586,"Common","M","Unlimited","The Legend of Blue Eyes White Dragon","LOB-098"
"Follow Wind",1,98252586,"Common","M","1st Edition","The Legend of Blue Eyes White Dragon","LOB-098"
"Forest",3,87430998,"Common","M","Unlimited","The Legend of Blue Eyes White Dragon","LOB-046"
"Frenzied Panda",4,98818516,"Common","M","Unlimited","The Legend of Blue Eyes White Dragon","LOB-081"
"Frontier Wiseman",7,38742075,"Common","M","Unlimited","Legacy of Darkness","LOD-022"
"Frontier Wiseman",1,38742075,"Common","M","1st Edition","Legacy of Darkness","LOD-022"
"Fusion Gate",2,33550694,"Common","M","Unlimited","Labyrinth of Nightmare","LON-098"
"Fusion Gate",1,33550694,"Common","M","1st Edition","Labyrinth of Nightmare","LON-098"
"Fusionist",1,1641882,"Rare","M","Unlimited","The Legend of Blue Eyes White Dragon","LOB-022"
"Gadget Soldier",2,86281779,"Common","M","Unlimited","Labyrinth of Nightmare","LON-010"
"Gadget Soldier",1,86281779,"Common","M","1st Edition","Labyrinth of Nightmare","LON-010"
"Gaia Power",1,56594520,"Common","M","Unlimited","Magic Ruler","MRL-096"
"Gamble",1,37313786,"Common","M","1st Edition","Pharaoh's Servant","PSV-053"
"Gamble",1,37313786,"Common","M","Unlimited","Pharaoh's Servant","PSV-053"
"Garuda the Wind Spirit",1,12800777,"Common","M","Unlimited","Labyrinth of Nightmare","LON-070"
"Garuda the Wind Spirit",1,12800777,"Common","M","1st Edition","Labyrinth of Nightmare","LON-070"
"Gate Guardian",1,25833572,"Secret Rare","M","Unlimited","Metal Raiders","MRD-000"
"Gazelle the King of Mythical Beasts",1,5818798,"Common","M","Unlimited","Metal Raiders","MRD-124"
"Germ Infection",2,24668830,"Common","M","Unlimited","Metal Raiders","MRD-136"
"Giant Axe Mummy",3,78266168,"Common","M","Unlimited","Pharaonic Guardian","PGD-023"
"Giant Germ",3,95178994,"Rare","M","Unlimited","Magic Ruler","MRL-085"
"Giant Rat",1,97017120,"Rare","M","Unlimited","Magic Ruler","MRL-079"
"Giant Turtle Who Feeds on Flames",6,96981563,"Common","M","Unlimited","Magic Ruler","MRL-022"
"Gift of the Mystical Elf",1,98299011,"Common","M","1st Edition","Pharaoh's Servant","PSV-009"
"Giga-Tech Wolf",1,8471389,"Common","M","Unlimited","Metal Raiders","MRD-096"
"Gilasaurus",2,45894482,"Rare","M","Unlimited","Labyrinth of Nightmare","LON-071"
"Giltia the D. Knight",1,51828629,"Common","M","Unlimited","Metal Raiders","MRD-094"
"Girochin Kuwagata",1,84620194,"Common","M","1st Edition","Pharaoh's Servant","PSV-085"
"Girochin Kuwagata",1,84620194,"Common","M","Unlimited","Pharaoh's Servant","PSV-085"
"Goblin's Secret Remedy",4,11868825,"Rare","M","Unlimited","The Legend of Blue Eyes White Dragon","LOB-099"
"Gora Turtle",5,80233946,"Rare","M","Unlimited","Pharaonic Guardian","PGD-014"
"Gradius",3,10992251,"Common","M","1st Edition","Pharaoh's Servant","PSV-089"
"Grand Tiki Elder",2,13676474,"Common","M","Unlimited","Labyrinth of Nightmare","LON-011"
"Gravekeeper's Assailant",3,25262697,"Common","M","Unlimited","Pharaonic Guardian","PGD-067"
"Gravekeeper's Cannonholder",4,99877698,"Common","M","Unlimited","Pharaonic Guardian","PGD-066"
"Gravekeeper's Curse",4,50712728,"Common","M","Unlimited","Pharaonic Guardian","PGD-060"
"Gravekeeper's Servant",3,16762927,"Common","M","Unlimited","Magic Ruler","MRL-031"
"Gravekeeper's Servant",1,16762927,"Common","M","1st Edition","Magic Ruler","MRL-031"
"Gravekeeper's Spear Soldier",3,63695531,"Common","M","Unlimited","Pharaonic Guardian","PGD-062"
"Gravekeeper's Spy",1,24317029,"Common","M","Unlimited","Pharaonic Guardian","PGD-059"
"Gravekeeper's Vassal",5,99690140,"Common","M","Unlimited","Pharaonic Guardian","PGD-063"
"Gravekeeper's Watcher",2,26084285,"Rare","M","Unlimited","Pharaonic Guardian","PGD-064"
"Graverobber's Retribution",3,33737664,"Common","M","Unlimited","Labyrinth of Nightmare","LON-083"
"Gravity Bind",3,85742772,"Rare","M","Unlimited","Pharaoh's Servant","PSV-073"
"Gravity Bind",2,85742772,"Rare","M","1st Edition","Pharaoh's Servant","PSV-073"
"Gray Wing",4,29618570,"Common","M","Unlimited","Legacy of Darkness","LOD-041"
"Gray Wing",1,29618570,"Common","M","1st Edition","Legacy of Darkness","LOD-041"
"Great Long Nose",2,2356994,"Common","M","Unlimited","Legacy of Darkness","LOD-068"
"Great Long Nose",1,2356994,"Common","M","1st Edition","Legacy of Darkness","LOD-068"
"Great Moth",1,14141448,"Rare","M","Unlimited","Metal Raiders","MRD-070"
"Great Moth",2,14141448,"Rare","M","1st Edition","Metal Raiders","MRD-070"
"Green Phantom King",1,22910685,"Common","M","1st Edition","The Legend of Blue Eyes White Dragon","LOB-034"
"Green Phantom King",3,22910685,"Common","M","Unlimited","The Legend of Blue Eyes White Dragon","LOB-034"
"Griggle",2,95744531,"Common","M","Unlimited","Magic Ruler","MRL-016"
"Ground Collapse",4,90502999,"Common","M","Unlimited","Pharaoh's Servant","PSV-070"
"Guardian of the Labyrinth",4,89272878,"Common","M","Unlimited","Metal Raiders","MRD-083"
"Guardian of the Throne Room",1,47879985,"Common","M","Unlimited","Magic Ruler","MRL-013"
"Gust",3,73079365,"Common","M","Unlimited","Pharaoh's Servant","PSV-017"
"Hamburger Recipe",4,80811661,"Common","M","Unlimited","Magic Ruler","MRL-063"
"Hard Armor",1,20060230,"Common","M","Unlimited","The Legend of Blue Eyes White Dragon","LOB-074"
"Harpie Lady",1,76812113,"Common","M","Unlimited","Metal Raiders","MRD-008"
"Harpie Lady Sisters",1,12206212,"Super Rare","M","Unlimited","Metal Raiders","MRD-009"
"Hayabusa Knight",3,21015833,"Rare","M","Unlimited","Pharaoh's Servant","PSV-086"
"Hayabusa Knight",1,21015833,"Rare","M","1st Edition","Pharaoh's Servant","PSV-086"
"Headless Knight",1,5434080,"Common","M","Unlimited","Labyrinth of Nightmare","LON-054"
"Heart of Clear Water",5,64801562,"Common","M","Unlimited","Legacy of Darkness","LOD-077"
"Heart of Clear Water",2,64801562,"Common","M","1st Edition","Legacy of Darkness","LOD-077"
"Heavy Storm",1,19613556,"Super Rare","M","Unlimited","Metal Raiders","MRD-142"
"Hibikime",1,64501875,"Common","M","Unlimited","Metal Raiders","MRD-055"
"Hieroglyph Lithograph",2,10248192,"Common","M","Unlimited","Pharaonic Guardian","PGD-086"
"High Tide Gyojin",1,54579801,"Common","M","Unlimited","Magic Ruler","MRL-025"
"Hinotama",2,46130346,"Common","M","Unlimited","The Legend of Blue Eyes White Dragon","LOB-056"
"Hinotama Soul",1,96851799,"Common","M","Unlimited","The Legend of Blue Eyes White Dragon","LOB-026"
"Hiro's Shadow Scout",1,81863068,"Rare","M","Unlimited","Magic Ruler","MRL-024"
"Hitotsu-Me Giant",4,76184692,"Common","M","Unlimited","The Legend of Blue Eyes White Dragon","LOB-002"
"Horn of Heaven",1,98069388,"Ultra Rare","M","Unlimited","Metal Raiders","MRD-130"
"Horn of Light",4,38552107,"Common","M","Unlimited","Magic Ruler","MRL-004"
"Hoshiningen",1,67629977,"Rare","M","Unlimited","Metal Raiders","MRD-102"
"House of Adhesive Tape",2,15083728,"Common","M","Unlimited","Magic Ruler","MRL-064"
"Humanoid Slime",4,46821314,"Common","M","Unlimited","Labyrinth of Nightmare","LON-003"
"Humanoid Slime",2,46821314,"Common","M","1st Edition","Labyrinth of Nightmare","LON-003"
"Humanoid Worm Drake",2,5600127,"Common","M","Unlimited","Labyrinth of Nightmare","LON-005"
"Hungry Burger",3,30243636,"Common","M","Unlimited","Magic Ruler","MRL-068"
"Hungry Burger",1,30243636,"Common","M","1st Edition","Magic Ruler","MRL-068"
"Hyosube",1,2118022,"Common","M","Unlimited","Metal Raiders","MRD-054"
"Hysteric Fairy",2,21297224,"Common","M","Unlimited","Labyrinth of Nightmare","LON-042"
"Illusionist Faceless Mage",1,28546905,"Common","M","Unlimited","Metal Raiders","MRD-068"
"Illusionist Faceless Mage",1,28546905,"Common","M","1st Edition","Metal Raiders","MRD-068"
"Inaba White Rabbit",1,77084837,"Common","M","1st Edition","Legacy of Darkness","LOD-065"
"Inaba White Rabbit",4,77084837,"Common","M","Unlimited","Legacy of Darkness","LOD-065"
"Infinite Cards",3,94163677,"Rare","M","Unlimited","Labyrinth of Nightmare","LON-027"
"Infinite Dismissal",1,54109233,"Common","M","Unlimited","Pharaoh's Servant","PSV-072"
"Inpachi",2,97923414,"Common","M","Unlimited","Pharaonic Guardian","PGD-055"
"Insect Barrier",1,23615409,"Common","M","Unlimited","Pharaoh's Servant","PSV-102"
"Insect Imitation",3,96965364,"Common","M","Unlimited","Pharaoh's Servant","PSV-068"
"Insect Soldiers of the Sky",3,7019529,"Common","M","Unlimited","Metal Raiders","MRD-101"
"Insect Soldiers of the Sky",2,7019529,"Common","M","1st Edition","Metal Raiders","MRD-101"
"Inspection",2,16227556,"Common","M","Unlimited","Pharaoh's Servant","PSV-038"
"Invitation to a Dark Sleep",2,52675689,"Common","M","1st Edition","Pharaoh's Servant","PSV-082"
"Invitation to a Dark Sleep",2,52675689,"Common","M","Unlimited","Pharaoh's Servant","PSV-082"
"Island Turtle",2,4042268,"Common","M","Unlimited","Pharaoh's Servant","PSV-095"
"Jam Breeding Machine",2,21770260,"Rare","M","Unlimited","Labyrinth of Nightmare","LON-026"
"Jam Defender",2,21558682,"Common","M","Unlimited","Labyrinth of Nightmare","LON-028"
"Jam Defender",1,21558682,"Common","M","1st Edition","Labyrinth of Nightmare","LON-028"
"Jar of Greed",1,83968380,"Super Rare","M","Unlimited","Labyrinth of Nightmare","LON-047"
"Jellyfish",2,14851496,"Common","M","Unlimited","Metal Raiders","MRD-072"
"Jigen Bakudan",4,90020065,"Common","M","Unlimited","Magic Ruler","MRL-074"
"Jigen Bakudan",1,90020065,"Common","M","1st Edition","Magic Ruler","MRL-074"
"Jinzo #7",1,32809211,"Common","M","Unlimited","Metal Raiders","MRD-035"
"Jirai Gumo",2,94773007,"Common","M","Unlimited","Metal Raiders","MRD-089"
"Jowgen the Spiritualist",2,41855169,"Rare","M","Unlimited","Labyrinth of Nightmare","LON-061"
"Kabazauls",1,51934376,"Common","M","1st Edition","Pharaonic Guardian","PGD-054"
"Kabazauls",3,51934376,"Common","M","Unlimited","Pharaonic Guardian","PGD-054"
"Kagemusha of the Blue Flame",1,15401633,"Common","M","Unlimited","The Legend of Blue Eyes White Dragon","LOB-028"
"Karate Man",1,23289281,"Rare","M","Unlimited","Magic Ruler","MRL-083"
"Karbonala Warrior",1,54541900,"Rare","M","Unlimited","The Legend of Blue Eyes White Dragon","LOB-067"
"Killer Needle",4,88979991,"Common","M","Unlimited","Metal Raiders","MRD-006"
"Killer Needle",1,88979991,"Common","M","1st Edition","Metal Raiders","MRD-006"
"King Fog",1,84686841,"Common","M","1st Edition","The Legend of Blue Eyes White Dragon","LOB-036"
"King Fog",2,84686841,"Common","M","Unlimited","The Legend of Blue Eyes White Dragon","LOB-036"
"King of Yamimakai",4,69455834,"Common","M","Unlimited","Metal Raiders","MRD-074"
"Kiseitai",2,4266839,"Common","M","Unlimited","Pharaoh's Servant","PSV-046"
"Kiseitai",1,4266839,"Common","M","1st Edition","Pharaoh's Servant","PSV-046"
"Kojikocy",1,1184620,"Common","M","Unlimited","Metal Raiders","MRD-010"
"Kotodama",1,19406822,"Common","M","Unlimited","Magic Ruler","MRL-095"
"Kryuel",1,82642348,"Common","M","Unlimited","Pharaonic Guardian","PGD-006"
"Kumootoko",1,56283725,"Common","M","Unlimited","The Legend of Blue Eyes White Dragon","LOB-082"
"Kurama",6,85705804,"Common","M","Unlimited","The Legend of Blue Eyes White Dragon","LOB-039"
"Labyrinth Wall",2,67284908,"Common","M","Unlimited","Magic Ruler","MRL-055"
"Lady Assailant of Flames",3,90147755,"Common","M","Unlimited","Labyrinth of Nightmare","LON-035"
"Lady of Faith",1,17358176,"Common","M","Unlimited","Metal Raiders","MRD-119"
"Larvae Moth",3,87756343,"Common","M","Unlimited","Metal Raiders","MRD-007"
"Larvas",2,94675535,"Common","M","Unlimited","The Legend of Blue Eyes White Dragon","LOB-073"
"Laser Cannon Armor",1,77007920,"Common","M","1st Edition","The Legend of Blue Eyes White Dragon","LOB-089"
"Laser Cannon Armor",1,77007920,"Common","M","Unlimited","The Legend of Blue Eyes White Dragon","LOB-089"
"Launcher Spider",1,87322377,"Common","M","Unlimited","Metal Raiders","MRD-095"
"Launcher Spider",1,87322377,"Common","M","1st Edition","Metal Raiders","MRD-095"
"Lava Battleguard",2,20394040,"Common","M","1st Edition","Metal Raiders","MRD-115"
"Lava Battleguard",1,20394040,"Common","M","Unlimited","Metal Raiders","MRD-115"
"Legendary Sword",1,61854111,"Common","M","Unlimited","The Legend of Blue Eyes White Dragon","LOB-040"
"Legendary Sword",2,61854111,"Common","M","1st Edition","The Legend of Blue Eyes White Dragon","LOB-040"
"Leghul",1,12472242,"Common","M","Unlimited","Metal Raiders","MRD-031"
"Leogun",3,10538007,"Common","M","Unlimited","Metal Raiders","MRD-033"
"Lesser Dragon",1,55444629,"Common","M","Unlimited","The Legend of Blue Eyes White Dragon","LOB-113"
"Lesser Fiend",1,16475472,"Rare","M","Unlimited","Legacy of Darkness","LOD-003"
"Lesser Fiend",1,16475472,"Rare","M","1st Edition","Legacy of Darkness","LOD-003"
"Life Absorbing Machine",2,14318794,"Common","M","Unlimited","Legacy of Darkness","LOD-012"
"Light of Intervention",1,62867251,"Common","M","1st Edition","Pharaoh's Servant","PSV-031"
"Light of Intervention",1,62867251,"Common","M","Unlimited","Pharaoh's Servant","PSV-031"
"Lightforce Sword",1,49587034,"Rare","M","1st Edition","Pharaoh's Servant","PSV-005"
"Lightforce Sword",1,49587034,"Rare","M","Unlimited","Pharaoh's Servant","PSV-005"
"Lightning Blade",1,55226821,"Common","M","Unlimited","Labyrinth of Nightmare","LON-022"
"Lightning Conger",2,27671321,"Common","M","Unlimited","Labyrinth of Nightmare","LON-060"
"Liquid Beast",3,93108297,"Common","M","Unlimited","Magic Ruler","MRL-023"
"Little Chimera",1,68658728,"Rare","M","Unlimited","Metal Raiders","MRD-117"
"Lizard Soldier",3,20831168,"Common","M","Unlimited","Legacy of Darkness","LOD-038"
"Lizard Soldier",1,20831168,"Common","M","1st Edition","Legacy of Darkness","LOD-038"
"Luminous Spark",3,81777047,"Common","M","Unlimited","Magic Ruler","MRL-100"
"M-Warrior #1",2,56342351,"Common","M","Unlimited","The Legend of Blue Eyes White Dragon","LOB-076"
"M-Warrior #2",1,92731455,"Common","M","1st Edition","The Legend of Blue Eyes White Dragon","LOB-077"
"M-Warrior #2",2,92731455,"Common","M","Unlimited","The Legend of Blue Eyes White Dragon","LOB-077"
"Machine Conversion Factory",1,25769732,"Common","M","Unlimited","The Legend of Blue Eyes White Dragon","LOB-096"
"Mad Sword Beast",1,79870141,"Rare","M","1st Edition","Pharaoh's Servant","PSV-091"
"Magic Cylinder",1,62279055,"Secret Rare","M","Unlimited","Labyrinth of Nightmare","LON-104"
"Magic Drain",1,59344077,"Rare","M","Unlimited","Pharaoh's Servant","PSV-071"
"Magic Reflector",2,61844784,"Rare","M","Unlimited","Legacy of Darkness","LOD-087"
"Magical Labyrinth",2,64389297,"Common","M","Unlimited","Magic Ruler","MRL-059"
"Magical Labyrinth",1,64389297,"Common","M","1st Edition","Magic Ruler","MRL-059"
"Magician of Faith",2,31560081,"Rare","M","Unlimited","Metal Raiders","MRD-036"
"Maha Vailo",1,93013676,"Super Rare","M","Unlimited","Magic Ruler","MRL-012"
"Maharaghi",1,40695128,"Short Print","M","1st Edition","Legacy of Darkness","LOD-064"
"Major Riot",1,9074847,"Common","M","1st Edition","Pharaoh's Servant","PSV-029"
"Major Riot",1,9074847,"Common","M","Unlimited","Pharaoh's Servant","PSV-029"
"Malevolent Nuzzler",1,99597615,"Common","M","Unlimited","Magic Ruler","MRL-005"
"Mammoth Graveyard",2,40374923,"Common","M","1st Edition","The Legend of Blue Eyes White Dragon","LOB-009"
"Mammoth Graveyard",2,40374923,"Common","M","Unlimited","The Legend of Blue Eyes White Dragon","LOB-009"
"Man Eater",3,93553943,"Common","M","Unlimited","The Legend of Blue Eyes White Dragon","LOB-075"
"Man-Eater Bug",1,54652250,"Super Rare","M","Unlimited","The Legend of Blue Eyes White Dragon","LOB-108"
"Maryokutai",1,71466592,"Common","M","Unlimited","Labyrinth of Nightmare","LON-076"
"Maryokutai",1,71466592,"Common","M","1st Edition","Labyrinth of Nightmare","LON-076"
"Masaki the Legendary Swordsman",1,44287299,"Common","M","1st Edition","The Legend of Blue Eyes White Dragon","LOB-038"
"Masaki the Legendary Swordsman",2,44287299,"Common","M","Unlimited","The Legend of Blue Eyes White Dragon","LOB-038"
"Mask of Brutality",2,82432018,"Rare","M","1st Edition","Labyrinth of Nightmare","LON-020"
"Mask of Darkness",2,28933734,"Rare","M","Unlimited","Metal Raiders","MRD-014"
"Mask of Weakness",1,57882509,"Common","M","1st Edition","Labyrinth of Nightmare","LON-015"
"Master Kyonshee",2,24530661,"Common","M","Unlimited","Pharaonic Guardian","PGD-053"
"Mechanical Snail",2,34442949,"Common","M","Unlimited","Magic Ruler","MRL-021"
"Meda Bat",1,76211194,"Common","M","Unlimited","The Legend of Blue Eyes White Dragon","LOB-083"
"Meda Bat",1,76211194,"Common","M","1st Edition","The Legend of Blue Eyes White Dragon","LOB-083"
"Mega Thunderball",2,21817254,"Common","M","Unlimited","Metal Raiders","MRD-044"
"Melchid the Four-Face Beast",4,86569121,"Common","M","Unlimited","Labyrinth of Nightmare","LON-012"
"Melchid the Four-Face Beast",1,86569121,"Common","M","1st Edition","Labyrinth of Nightmare","LON-012"
"Metal Detector",2,75646520,"Common","M","Unlimited","Pharaoh's Servant","PSV-022"
"Metal Detector",1,75646520,"Common","M","1st Edition","Pharaoh's Servant","PSV-022"
"Metal Dragon",2,9293977,"Rare","M","Unlimited","The Legend of Blue Eyes White Dragon","LOB-102"
"Metal Dragon",1,9293977,"Rare","M","1st Edition","The Legend of Blue Eyes White Dragon","LOB-102"
"Metal Fish",2,55998462,"Common","M","Unlimited","Magic Ruler","MRL-007"
"Metamorphosis",3,46411259,"Common","M","Unlimited","Pharaonic Guardian","PGD-090"
"Michizure",1,37580756,"Rare","M","1st Edition","Pharaoh's Servant","PSV-051"
"Michizure",1,37580756,"Rare","M","Unlimited","Pharaoh's Servant","PSV-051"
"Minar",1,32539892,"Common","M","Unlimited","Magic Ruler","MRL-015"
"Minor Goblin Official",3,1918087,"Common","M","Unlimited","Pharaoh's Servant","PSV-052"
"Miracle Dig",2,6343408,"Common","M","Unlimited","Labyrinth of Nightmare","LON-100"
"Misairuzame",3,33178416,"Common","M","Unlimited","The Legend of Blue Eyes White Dragon","LOB-111"
"Moisture Creature",3,75285069,"Rare","M","Unlimited","Pharaonic Guardian","PGD-013"
"Molten Behemoth",2,17192817,"Common","M","Unlimited","Pharaonic Guardian","PGD-001"
"Molten Destruction",5,19384334,"Common","M","Unlimited","Magic Ruler","MRL-098"
"Molten Destruction",1,19384334,"Common","M","1st Edition","Magic Ruler","MRL-098"
"Monster Egg",1,36121917,"Common","M","Unlimited","The Legend of Blue Eyes White Dragon","LOB-017"
"Morinphen",3,55784832,"Common","M","Unlimited","Metal Raiders","MRD-043"
"Morphing Jar #2",1,79106360,"Rare","M","1st Edition","Pharaoh's Servant","PSV-040"
"Mother Grizzly",1,57839750,"Rare","M","1st Edition","Magic Ruler","MRL-090"
"Mountain",1,50913601,"Common","M","1st Edition","The Legend of Blue Eyes White Dragon","LOB-048"
"Mr. Volcano",4,31477025,"Common","M","Unlimited","Pharaoh's Servant","PSV-044"
"Mucus Yolk",2,70307656,"Common","M","Unlimited","Pharaonic Guardian","PGD-011"
"Muka Muka",3,46657337,"Rare","M","Unlimited","Metal Raiders","MRD-107"
"Mushroom Man #2",2,93900406,"Common","M","Unlimited","Metal Raiders","MRD-114"
"Musician King",3,56907389,"Common","M","Unlimited","Metal Raiders","MRD-103"
"Mysterious Guard",4,1347977,"Common","M","Unlimited","Legacy of Darkness","LOD-021"
"Mystic Horseman",2,68516705,"Common","M","1st Edition","Metal Raiders","MRD-076"
"Mystic Lamp",2,98049915,"Common","M","Unlimited","Metal Raiders","MRD-028"
"Mystic Plasma Zone",4,18161786,"Common","M","Unlimited","Magic Ruler","MRL-101"
"Mystic Probe",2,49251811,"Common","M","1st Edition","Pharaoh's Servant","PSV-021"
"Mystic Probe",2,49251811,"Common","M","Unlimited","Pharaoh's Servant","PSV-021"
"Mystic Tomato",3,83011278,"Rare","M","Unlimited","Magic Ruler","MRL-094"
"Mystical Elf",1,15025844,"Super Rare","M","Unlimited","The Legend of Blue Eyes White Dragon","LOB-062"
"Mystical Moon",1,36607978,"Common","M","Unlimited","The Legend of Blue Eyes White Dragon","LOB-094"
"Mystical Moon",1,36607978,"Common","M","1st Edition","The Legend of Blue Eyes White Dragon","LOB-094"
"Mystical Space Typhoon",1,5318639,"Ultra Rare","M","Unlimited","Magic Ruler","MRL-047"
"Narrow Pass",3,40172183,"Common","M","Unlimited","Pharaonic Guardian","PGD-097"
"Needle Ceiling",4,38411870,"Common","M","Unlimited","Pharaonic Guardian","PGD-045"
"Needle Wall",3,38299233,"Common","M","Unlimited","Pharaonic Guardian","PGD-048"
"Nemuriko",2,90963488,"Common","M","Unlimited","The Legend of Blue Eyes White Dragon","LOB-013"
"Newdoria",1,4335645,"Rare","M","1st Edition","Pharaonic Guardian","PGD-057"
"Nightmare Horse",1,59290628,"Common","M","1st Edition","Pharaonic Guardian","PGD-077"
"Nightmare Horse",1,59290628,"Common","M","Unlimited","Pharaonic Guardian","PGD-077"
"Nimble Momonga",1,22567609,"Rare","M","Unlimited","Magic Ruler","MRL-086"
"Nobleman of Crossout",1,71044499,"Super Rare","M","Unlimited","Pharaoh's Servant","PSV-034"
"Nobleman of Extermination",1,17449108,"Rare","M","Unlimited","Pharaoh's Servant","PSV-035"
"Non Aggression Area",2,76848240,"Common","M","Unlimited","Pharaonic Guardian","PGD-101"
"Numinous Healer",2,2130625,"Common","M","Unlimited","Pharaoh's Servant","PSV-023"
"Numinous Healer",1,2130625,"Common","M","1st Edition","Pharaoh's Servant","PSV-023"
"Nutrient Z",1,29389368,"Common","M","Unlimited","Legacy of Darkness","LOD-096"
"Nuvia the Wicked",2,12953226,"Rare","M","Unlimited","Labyrinth of Nightmare","LON-013"
"Octoberser",5,74637266,"Common","M","Unlimited","Magic Ruler","MRL-052"
"Octoberser",1,74637266,"Common","M","1st Edition","Magic Ruler","MRL-052"
"Ocubeam",1,86088138,"Common","M","Unlimited","Metal Raiders","MRD-030"
"Offerings to the Doomed",1,19230408,"Common","M","1st Edition","Labyrinth of Nightmare","LON-051"
"Offerings to the Doomed",4,19230408,"Common","M","Unlimited","Labyrinth of Nightmare","LON-051"
"Ominous Fortunetelling",8,56995655,"Common","M","Unlimited","Legacy of Darkness","LOD-094"
"One-Eyed Shield Dragon",1,33064647,"Common","M","Unlimited","The Legend of Blue Eyes White Dragon","LOB-087"
"One-Eyed Shield Dragon",1,33064647,"Common","M","1st Edition","The Legend of Blue Eyes White Dragon","LOB-087"
"Oni Tank T-34",1,66927994,"Common","M","Unlimited","Pharaoh's Servant","PSV-059"
"Oni Tank T-34",1,66927994,"Common","M","1st Edition","Pharaoh's Servant","PSV-059"
"Ooguchi",4,58861941,"Common","M","Unlimited","Metal Raiders","MRD-032"
"Opticlops",2,14531242,"Rare","M","Unlimited","Legacy of Darkness","LOD-009"
"Ordeal of a Traveler",2,39537362,"Common","M","Unlimited","Pharaonic Guardian","PGD-042"
"Otohime",1,39751094,"Common","M","1st Edition","Legacy of Darkness","LOD-069"
"Otohime",4,39751094,"Common","M","Unlimited","Legacy of Darkness","LOD-069"
"Overdrive",2,2311603,"Common","M","Unlimited","Pharaoh's Servant","PSV-060"
"Pale Beast",3,21263083,"Common","M","Unlimited","Metal Raiders","MRD-047"
"Paralyzing Potion",1,50152549,"Common","M","Unlimited","Metal Raiders","MRD-137"
"Patrician of Darkness",1,19153634,"Common","M","1st Edition","Legacy of Darkness","LOD-058"
"Patrician of Darkness",2,19153634,"Common","M","Unlimited","Legacy of Darkness","LOD-058"
"Peacock",1,20624263,"Common","M","Unlimited","Magic Ruler","MRL-011"
"Penguin Knight",3,36039163,"Common","M","Unlimited","Magic Ruler","MRL-001"
"Performance of Sword",1,4849037,"Common","M","Unlimited","Magic Ruler","MRL-067"
"Petit Angel",4,38142739,"Common","M","Unlimited","The Legend of Blue Eyes White Dragon","LOB-025"
"Petit Dragon",2,75356564,"Common","M","Unlimited","The Legend of Blue Eyes White Dragon","LOB-024"
"Petit Moth",4,58192742,"Common","M","Unlimited","Metal Raiders","MRD-023"
"Pharaoh's Treasure",2,63571750,"Rare","M","Unlimited","Pharaonic Guardian","PGD-052"
"Poison Mummy",3,43716289,"Common","M","Unlimited","Pharaonic Guardian","PGD-016"
"Possessed Dark Soul",2,52860176,"Common","M","Unlimited","Legacy of Darkness","LOD-004"
"Possessed Dark Soul",1,52860176,"Common","M","1st Edition","Legacy of Darkness","LOD-004"
"Pot of Greed",1,55144522,"Rare","M","1st Edition","The Legend of Blue Eyes White Dragon","LOB-119"
"Pot of Greed",2,55144522,"Rare","M","Unlimited","The Legend of Blue Eyes White Dragon","LOB-119"
"Power of Kaishin",2,77027445,"Common","M","1st Edition","The Legend of Blue Eyes White Dragon","LOB-044"
"Power of Kaishin",2,77027445,"Common","M","Unlimited","The Legend of Blue Eyes White Dragon","LOB-044"
"Prevent Rat",2,549481,"Common","M","Unlimited","Metal Raiders","MRD-084"
"Prohibition",1,43711255,"Rare","M","Unlimited","Pharaoh's Servant","PSV-039"
"Protector of the Throne",2,10071456,"Common","M","1st Edition","Metal Raiders","MRD-087"
"Protector of the Throne",2,10071456,"Common","M","Unlimited","Metal Raiders","MRD-087"
"Psychic Kappa",3,7892180,"Common","M","Unlimited","Magic Ruler","MRL-053"
"Pumpking the King of Ghosts",1,29155212,"Common","M","Unlimited","Metal Raiders","MRD-079"
"Punished Eagle",2,74703140,"Common","M","Unlimited","Metal Raiders","MRD-100"
"Pyramid Energy",1,76754619,"Common","M","1st Edition","Pharaonic Guardian","PGD-040"
"Pyramid Energy",2,76754619,"Common","M","Unlimited","Pharaonic Guardian","PGD-040"
"Pyramid Turtle",1,77044671,"Rare","M","Unlimited","Pharaonic Guardian","PGD-026"
"Pyro Clock of Destiny",3,1082946,"Common","M","Unlimited","Pharaonic Guardian","PGD-050"
"Queen Bird",3,73081602,"Common","M","Unlimited","Magic Ruler","MRL-009"
"Queen's Double",3,5901497,"Common","M","Unlimited","Metal Raiders","MRD-051"
"Rabid Horseman",1,94905343,"Common","M","1st Edition","Metal Raiders","MRD-077"
"Rabid Horseman",1,94905343,"Common","M","Unlimited","Metal Raiders","MRD-077"
"Raigeki Break",1,4178474,"Common","M","1st Edition","Pharaonic Guardian","PGD-096"
"Raigeki Break",4,4178474,"Common","M","Unlimited","Pharaonic Guardian","PGD-096"
"Rain of Mercy",1,66719324,"Common","M","1st Edition","Pharaoh's Servant","PSV-065"
"Rain of Mercy",1,66719324,"Common","M","Unlimited","Pharaoh's Servant","PSV-065"
"Rainbow Flower",2,21347810,"Common","M","Unlimited","Metal Raiders","MRD-042"
"Rainbow Flower",1,21347810,"Common","M","1st Edition","Metal Raiders","MRD-042"
"Raise Body Heat",1,51267887,"Common","M","Unlimited","The Legend of Blue Eyes White Dragon","LOB-097"
"Ray & Temperature",1,85309439,"Common","M","Unlimited","The Legend of Blue Eyes White Dragon","LOB-035"
"Ready for Intercepting",1,31785398,"Common","M","1st Edition","Legacy of Darkness","LOD-031"
"Ready for Intercepting",2,31785398,"Common","M","Unlimited","Legacy of Darkness","LOD-031"
"Reaper of the Cards",1,33066139,"Rare","M","1st Edition","The Legend of Blue Eyes White Dragon","LOB-071"
"Reaper of the Cards",1,33066139,"Rare","M","Unlimited","The Legend of Blue Eyes White Dragon","LOB-071"
"Reasoning",4,58577036,"Common","M","Unlimited","Pharaonic Guardian","PGD-081"
"Reckless Greed",1,37576645,"Rare","M","Unlimited","Pharaonic Guardian","PGD-051"
"Red Archery Girl",4,65570596,"Common","M","Unlimited","Magic Ruler","MRL-030"
"Red Medicine",3,38199696,"Common","M","1st Edition","The Legend of Blue Eyes White Dragon","LOB-054"
"Red Medicine",1,38199696,"Common","M","Unlimited","The Legend of Blue Eyes White Dragon","LOB-054"
"Reinforcement of the Army",1,32807846,"Super Rare","M","Unlimited","Legacy of Darkness","LOD-028"
"Remove Trap",1,51482758,"Common","M","1st Edition","The Legend of Blue Eyes White Dragon","LOB-060"
"Remove Trap",1,51482758,"Common","M","Unlimited","The Legend of Blue Eyes White Dragon","LOB-060"
"Respect Play",1,8951260,"Common","M","Unlimited","Pharaoh's Servant","PSV-032"
"Reversal Quiz",4,5990062,"Common","M","Unlimited","Pharaonic Guardian","PGD-092"
"Ring of Destruction",1,83555666,"Secret Rare","M","Unlimited","Pharaonic Guardian","PGD-000"
"Ring of Magnetism",4,20436034,"Common","M","Unlimited","Metal Raiders","MRD-139"
"Ring of Magnetism",1,20436034,"Common","M","1st Edition","Metal Raiders","MRD-139"
"Rising Air Current",5,45778932,"Common","M","Unlimited","Magic Ruler","MRL-099"
"Rite of Spirit",4,30450531,"Common","M","Unlimited","Pharaonic Guardian","PGD-100"
"Roaring Ocean Snake",2,19066538,"Common","M","Unlimited","Metal Raiders","MRD-020"
"Robbin' Goblin",1,88279736,"Rare","M","Unlimited","Metal Raiders","MRD-135"
"Robolady",2,92421852,"Common","M","Unlimited","Legacy of Darkness","LOD-054"
"Robotic Knight",1,44203504,"Common","M","1st Edition","Legacy of Darkness","LOD-051"
"Robotic Knight",1,44203504,"Common","M","Unlimited","Legacy of Darkness","LOD-051"
"Roboyarou",1,38916461,"Common","M","Unlimited","Legacy of Darkness","LOD-055"
"Rock Ogre Grotto #1",1,68846917,"Common","M","Unlimited","Metal Raiders","MRD-004"
"Root Water",1,39004808,"Common","M","Unlimited","The Legend of Blue Eyes White Dragon","LOB-032"
"Royal Keeper",1,16509093,"Common","M","1st Edition","Pharaonic Guardian","PGD-018"
"Royal Keeper",4,16509093,"Common","M","Unlimited","Pharaonic Guardian","PGD-018"
"Royal Oppression",1,93016201,"Rare","M","Unlimited","Legacy of Darkness","LOD-091"
"Royal Tribute",3,72405967,"Common","M","Unlimited","Pharaonic Guardian","PGD-091"
"Ryu-Kishin Clown",4,42647539,"Common","M","Unlimited","Legacy of Darkness","LOD-007"
"Ryu-Kishin Clown",1,42647539,"Common","M","1st Edition","Legacy of Darkness","LOD-007"
"Ryu-Kishin Powered",1,24611934,"Common","M","1st Edition","Metal Raiders","MRD-092"
"Ryu-Kishin Powered",3,24611934,"Common","M","Unlimited","Metal Raiders","MRD-092"
"Ryu-Ran",1,2964201,"Common","M","Unlimited","Magic Ruler","MRL-070"
"Ryu-Ran",1,2964201,"Common","M","1st Edition","Magic Ruler","MRL-070"
"Saggi the Dark Clown",1,66602787,"Common","M","Unlimited","Metal Raiders","MRD-066"
"Sand Stone",1,73051941,"Common","M","1st Edition","The Legend of Blue Eyes White Dragon","LOB-109"
"Sand Stone",3,73051941,"Common","M","Unlimited","The Legend of Blue Eyes White Dragon","LOB-109"
"Sangan",1,26202165,"Rare","M","Unlimited","Metal Raiders","MRD-069"
"Science Soldier",4,67532912,"Common","M","Unlimited","Pharaoh's Servant","PSV-097"
"Science Soldier",1,67532912,"Common","M","1st Edition","Pharaoh's Servant","PSV-097"
"Scroll of Bewitchment",3,10352095,"Common","M","Unlimited","Labyrinth of Nightmare","LON-048"
"Second Coin Toss",2,36562627,"Rare","M","Unlimited","Legacy of Darkness","LOD-083"
"Secret Pass to the Treasures",4,77876207,"Common","M","Unlimited","Pharaonic Guardian","PGD-037"
"Senju of the Thousand Hands",2,23401839,"Rare","M","Unlimited","Magic Ruler","MRL-080"
"Serpentine Princess",1,71829750,"Common","M","1st Edition","Legacy of Darkness","LOD-057"
"Serpentine Princess",1,71829750,"Common","M","Unlimited","Legacy of Darkness","LOD-057"
"Servant of Catabolism",1,2792265,"Common","M","Unlimited","Pharaonic Guardian","PGD-012"
"Shadow Ghoul",2,30778711,"Rare","M","Unlimited","Metal Raiders","MRD-090"
"Shadow of Eyes",2,58621589,"Common","M","Unlimited","Pharaoh's Servant","PSV-075"
"Shapesnatch",4,4035199,"Common","M","Unlimited","Pharaonic Guardian","PGD-002"
"Share the Pain",1,56830749,"Common","M","Unlimited","Metal Raiders","MRD-140"
"Shield & Sword",1,52097679,"Rare","M","Unlimited","Metal Raiders","MRD-131"
"Shift",1,59560625,"Rare","M","Unlimited","Pharaoh's Servant","PSV-067"
"Shining Abyss",3,87303357,"Common","M","Unlimited","Labyrinth of Nightmare","LON-009"
"Shining Angel",3,95956346,"Rare","M","Unlimited","Magic Ruler","MRL-088"
"Silver Bow and Arrow",2,1557499,"Common","M","Unlimited","The Legend of Blue Eyes White Dragon","LOB-091"
"Silver Fang",3,90357090,"Common","M","Unlimited","The Legend of Blue Eyes White Dragon","LOB-010"
"Skull Invitation",2,98139712,"Rare","M","Unlimited","Pharaoh's Servant","PSV-056"
"Skull Knight",1,2504891,"Common","M","Unlimited","Metal Raiders","MRD-123"
"Skull Knight",1,2504891,"Common","M","1st Edition","Metal Raiders","MRD-123"
"Skull Knight #2",1,15653824,"Common","M","Unlimited","Legacy of Darkness","LOD-006"
"Skull Knight #2",1,15653824,"Common","M","1st Edition","Legacy of Darkness","LOD-006"
"Skull Lair",3,6733059,"Common","M","Unlimited","Labyrinth of Nightmare","LON-082"
"Skull Mariner",1,5265750,"Common","M","1st Edition","Pharaoh's Servant","PSV-092"
"Skull Mariner",1,5265750,"Common","M","Unlimited","Pharaoh's Servant","PSV-092"
"Skull Red Bird",3,10202894,"Common","M","Unlimited","The Legend of Blue Eyes White Dragon","LOB-105"
"Skull Servant",3,32274490,"Common","M","Unlimited","The Legend of Blue Eyes White Dragon","LOB-004"
"Sky Scout",3,30532390,"Common","M","1st Edition","Pharaoh's Servant","PSV-049"
"Sky Scout",3,30532390,"Common","M","Unlimited","Pharaoh's Servant","PSV-049"
"Slot Machine",2,3797883,"Common","M","Unlimited","Magic Ruler","MRL-028"
"Snake Fang",2,596051,"Common","M","Unlimited","Magic Ruler","MRL-050"
"Snatch Steal",1,45986603,"Ultra Rare","M","Unlimited","Magic Ruler","MRL-036"
"Sogen",1,86318356,"Common","M","1st Edition","The Legend of Blue Eyes White Dragon","LOB-049"
"Sogen",1,86318356,"Common","M","Unlimited","The Legend of Blue Eyes White Dragon","LOB-049"
"Solemn Wishes",1,35346968,"Common","M","Unlimited","Pharaoh's Servant","PSV-055"
"Solomon's Lawbook",1,23471572,"Common","M","1st Edition","Pharaoh's Servant","PSV-013"
"Solomon's Lawbook",1,23471572,"Common","M","Unlimited","Pharaoh's Servant","PSV-013"
"Sonic Bird",1,57617178,"Common","M","Unlimited","Magic Ruler","MRL-093"
"Soul Demolition",2,76297408,"Common","M","Unlimited","Legacy of Darkness","LOD-014"
"Soul Demolition",1,76297408,"Common","M","1st Edition","Legacy of Darkness","LOD-014"
"Soul of Purity and Light",2,77527210,"Common","M","Unlimited","Labyrinth of Nightmare","LON-066"
"Soul Release",1,5758500,"Common","M","Unlimited","Metal Raiders","MRD-058"
"Soul Release",1,5758500,"Common","M","1st Edition","Metal Raiders","MRD-058"
"Souls of the Forgotten",3,4920010,"Common","M","Unlimited","Pharaoh's Servant","PSV-098"
"Souls of the Forgotten",1,4920010,"Common","M","1st Edition","Pharaoh's Servant","PSV-098"
"Sparks",1,76103675,"Common","M","1st Edition","The Legend of Blue Eyes White Dragon","LOB-055"
"Sparks",1,76103675,"Common","M","Unlimited","The Legend of Blue Eyes White Dragon","LOB-055"
"Spear Cretin",3,58551308,"Common","M","Unlimited","Magic Ruler","MRL-087"
"Spear Dragon",1,31553716,"Super Rare","M","Unlimited","Legacy of Darkness","LOD-035"
"Spherous Lady",1,52121290,"Common","M","Unlimited","Labyrinth of Nightmare","LON-059"
"Spike Seadra",1,85326399,"Common","M","1st Edition","The Legend of Blue Eyes White Dragon","LOB-103"
"Spike Seadra",2,85326399,"Common","M","Unlimited","The Legend of Blue Eyes White Dragon","LOB-103"
"Spikebot",1,87511987,"Common","M","Unlimited","Pharaoh's Servant","PSV-081"
"Spikebot",1,87511987,"Common","M","1st Edition","Pharaoh's Servant","PSV-081"
"Spirit Elimination",2,69832741,"Common","M","Unlimited","Labyrinth of Nightmare","LON-102"
"Spirit Message ""A""",2,94772232,"Rare","M","Unlimited","Labyrinth of Nightmare","LON-091"
"Spirit Message ""I""",2,31893528,"Rare","M","Unlimited","Labyrinth of Nightmare","LON-089"
"Spirit Message ""L""",1,30170981,"Rare","M","1st Edition","Labyrinth of Nightmare","LON-092"
"Spirit Message ""L""",2,30170981,"Rare","M","Unlimited","Labyrinth of Nightmare","LON-092"
"Spirit Message ""N""",1,67287533,"Rare","M","1st Edition","Labyrinth of Nightmare","LON-090"
"Spirit of Flames",3,13522325,"Common","M","Unlimited","Labyrinth of Nightmare","LON-067"
"Spirit of Flames",3,13522325,"Common","M","1st Edition","Labyrinth of Nightmare","LON-067"
"Spirit Reaper",1,23205979,"Rare","M","Unlimited","Pharaonic Guardian","PGD-076"
"Spirit Ryu",1,67957315,"Common","M","1st Edition","Legacy of Darkness","LOD-036"
"Spirit Ryu",4,67957315,"Common","M","Unlimited","Legacy of Darkness","LOD-036"
"Spirit's Invitation",1,92394653,"Common","M","1st Edition","Legacy of Darkness","LOD-095"
"Spirit's Invitation",2,92394653,"Common","M","Unlimited","Legacy of Darkness","LOD-095"
"Spiritual Energy Settle Machine",1,99173029,"Common","M","Unlimited","Legacy of Darkness","LOD-082"
"Spiritual Energy Settle Machine",1,99173029,"Common","M","1st Edition","Legacy of Darkness","LOD-082"
"Spiritualism",1,15866454,"Rare","M","Unlimited","Labyrinth of Nightmare","LON-094"
"Spring of Rebirth",1,94425169,"Common","M","1st Edition","Legacy of Darkness","LOD-076"
"Spring of Rebirth",1,94425169,"Common","M","Unlimited","Legacy of Darkness","LOD-076"
"St. Joan",2,21175632,"Common","M","Unlimited","Labyrinth of Nightmare","LON-045"
"Stamping Destruction",3,81385346,"Common","M","Unlimited","Legacy of Darkness","LOD-046"
"Steel Ogre Grotto #1",4,29172562,"Common","M","Unlimited","The Legend of Blue Eyes White Dragon","LOB-112"
"Steel Ogre Grotto #2",2,90908427,"Common","M","Unlimited","Pharaoh's Servant","PSV-001"
"Steel Scorpion",3,13599884,"Common","M","Unlimited","Metal Raiders","MRD-029"
"Stim-Pack",2,83225447,"Common","M","Unlimited","Metal Raiders","MRD-141"
"Stone Ogre Grotto",2,15023985,"Common","M","Unlimited","Magic Ruler","MRL-058"
"Succubus Knight",1,55291359,"Common","M","1st Edition","The Legend of Blue Eyes White Dragon","LOB-117"
"Succubus Knight",2,55291359,"Common","M","Unlimited","The Legend of Blue Eyes White Dragon","LOB-117"
"Summoner of Illusions",4,14644902,"Common","M","Unlimited","Labyrinth of Nightmare","LON-063"
"Super Rejuvenation",3,27770341,"Common","M","Unlimited","Legacy of Darkness","LOD-047"
"Super Robolady",4,75923050,"Common","M","Unlimited","Legacy of Darkness","LOD-073"
"Super Robolady",1,75923050,"Common","M","1st Edition","Legacy of Darkness","LOD-073"
"Super Roboyarou",1,1412158,"Common","M","1st Edition","Legacy of Darkness","LOD-074"
"Supply",2,44072894,"Common","M","1st Edition","Labyrinth of Nightmare","LON-075"
"Supply",1,44072894,"Common","M","Unlimited","Labyrinth of Nightmare","LON-075"
"Susa Soldier",1,40473581,"Rare","M","Unlimited","Legacy of Darkness","LOD-066"
"Susa Soldier",1,40473581,"Rare","M","1st Edition","Legacy of Darkness","LOD-066"
"Swamp Battleguard",3,40453765,"Common","M","Unlimited","Metal Raiders","MRD-063"
"Swarm of Locusts",2,41872150,"Common","M","Unlimited","Pharaonic Guardian","PGD-022"
"Swarm of Scarabs",4,15383415,"Common","M","Unlimited","Pharaonic Guardian","PGD-021"
"Sword Hunter",2,51345461,"Common","M","Unlimited","Pharaoh's Servant","PSV-077"
"Sword Hunter",1,51345461,"Common","M","1st Edition","Pharaoh's Servant","PSV-077"
"Sword of Deep-Seated",1,98495314,"Common","M","Unlimited","Metal Raiders","MRD-132"
"Swords of Revealing Light",1,72302403,"Super Rare","M","1st Edition","The Legend of Blue Eyes White Dragon","LOB-101"
"Swordsman of Landstar",3,3573512,"Common","M","Unlimited","Labyrinth of Nightmare","LON-002"
"Swordsman of Landstar",1,3573512,"Common","M","1st Edition","Labyrinth of Nightmare","LON-002"
"Tailor of the Fickle",2,43641473,"Common","M","Unlimited","Magic Ruler","MRL-042"
"Tailor of the Fickle",1,43641473,"Common","M","1st Edition","Magic Ruler","MRL-042"
"Tainted Wisdom",3,28725004,"Common","M","Unlimited","Metal Raiders","MRD-081"
"Terra the Terrible",1,63308047,"Common","M","Unlimited","The Legend of Blue Eyes White Dragon","LOB-080"
"Terraforming",4,73628505,"Common","M","Unlimited","Pharaonic Guardian","PGD-088"
"The 13th Grave",1,32864,"Common","M","Unlimited","The Legend of Blue Eyes White Dragon","LOB-014"
"The A. Forces",1,403847,"Rare","M","Unlimited","Legacy of Darkness","LOD-027"
"The All-Seeing White Tiger",4,32269855,"Common","M","Unlimited","Pharaoh's Servant","PSV-093"
"The Bistro Butcher",3,71107816,"Common","M","Unlimited","Metal Raiders","MRD-108"
"The Cheerful Coffin",1,41142615,"Common","M","Unlimited","Metal Raiders","MRD-059"
"The Dark Door",4,30606547,"Common","M","Unlimited","Labyrinth of Nightmare","LON-093"
"The Dark Door",2,30606547,"Common","M","1st Edition","Labyrinth of Nightmare","LON-093"
"The Dragon Dwelling in the Cave",1,93346024,"Common","M","1st Edition","Legacy of Darkness","LOD-037"
"The Dragon Dwelling in the Cave",2,93346024,"Common","M","Unlimited","Legacy of Darkness","LOD-037"
"The Dragon's Bead",1,92408984,"Rare","M","1st Edition","Legacy of Darkness","LOD-043"
"The Dragon's Bead",4,92408984,"Rare","M","Unlimited","Legacy of Darkness","LOD-043"
"The Earl of Demise",1,66989694,"Common","M","1st Edition","Labyrinth of Nightmare","LON-056"
"The Earl of Demise",2,66989694,"Common","M","Unlimited","Labyrinth of Nightmare","LON-056"
"The Emperor's Holiday",3,68400115,"Common","M","Unlimited","Labyrinth of Nightmare","LON-087"
"The Eye of Truth",2,34694160,"Common","M","Unlimited","Pharaoh's Servant","PSV-010"
"The Forgiving Maiden",3,84080939,"Common","M","Unlimited","Labyrinth of Nightmare","LON-044"
"The Furious Sea King",2,18710707,"Common","M","1st Edition","The Legend of Blue Eyes White Dragon","LOB-033"
"The Furious Sea King",2,18710707,"Common","M","Unlimited","The Legend of Blue Eyes White Dragon","LOB-033"
"The Gross Ghost of Fled Dreams",4,68049471,"Common","M","Unlimited","Labyrinth of Nightmare","LON-053"
"The Hunter with 7 Weapons",1,1525329,"Common","M","Unlimited","Legacy of Darkness","LOD-024"
"The Illusory Gentleman",3,83764996,"Common","M","Unlimited","Legacy of Darkness","LOD-053"
"The Immortal of Thunder",1,84926738,"Common","M","1st Edition","Metal Raiders","MRD-099"
"The Legendary Fisherman",1,3643300,"Ultra Rare","M","1st Edition","Pharaoh's Servant","PSV-076"
"The Little Swordsman of Aile",4,25109950,"Common","M","Unlimited","Metal Raiders","MRD-085"
"The Portrait's Secret",4,32541773,"Common","M","Unlimited","Labyrinth of Nightmare","LON-052"
"The Puppet Magic of Dark Ruler",2,40703393,"Common","M","Unlimited","Legacy of Darkness","LOD-013"
"The Regulation of Tribe",1,296499,"Common","M","Unlimited","Pharaoh's Servant","PSV-027"
"The Regulation of Tribe",1,296499,"Common","M","1st Edition","Pharaoh's Servant","PSV-027"
"The Reliable Guardian",2,16430187,"Common","M","Unlimited","Magic Ruler","MRL-044"
"The Rock Spirit",2,76305638,"Common","M","1st Edition","Labyrinth of Nightmare","LON-069"
"The Rock Spirit",1,76305638,"Common","M","Unlimited","Labyrinth of Nightmare","LON-069"
"The Secret of the Bandit",4,99351431,"Common","M","Unlimited","Legacy of Darkness","LOD-085"
"The Shallow Grave",1,43434803,"Rare","M","Unlimited","Pharaoh's Servant","PSV-036"
"The Unfriendly Amazon",2,65475294,"Common","M","Unlimited","Labyrinth of Nightmare","LON-031"
"The Warrior Returning Alive",1,95281259,"Rare","M","Unlimited","Legacy of Darkness","LOD-030"
"The Warrior Returning Alive",1,95281259,"Rare","M","1st Edition","Legacy of Darkness","LOD-030"
"Thousand-Eyes Idol",1,27125110,"Common","M","1st Edition","Pharaoh's Servant","PSV-083"
"Thousand-Eyes Idol",1,27125110,"Common","M","Unlimited","Pharaoh's Servant","PSV-083"
"Thousand-Eyes Restrict",1,63519819,"Ultra Rare","M","1st Edition","Pharaoh's Servant","PSV-084"
"Three-Headed Geedo",3,78423643,"Common","M","Unlimited","Pharaoh's Servant","PSV-002"
"Three-Headed Geedo",1,78423643,"Common","M","1st Edition","Pharaoh's Servant","PSV-002"
"Throwstone Unit",1,76075810,"Common","M","Unlimited","Legacy of Darkness","LOD-017"
"Thunder Dragon",1,31786629,"Common","M","Unlimited","Metal Raiders","MRD-097"
"Thunder Nyan Nyan",2,70797118,"Rare","M","Unlimited","Legacy of Darkness","LOD-059"
"Time Seal",4,35316708,"Common","M","1st Edition","Pharaoh's Servant","PSV-007"
"Time Seal",1,35316708,"Common","M","Unlimited","Pharaoh's Servant","PSV-007"
"Timeater",3,44913552,"Common","M","Unlimited","Pharaonic Guardian","PGD-010"
"Timidity",4,40350910,"Common","M","Unlimited","Pharaonic Guardian","PGD-039"
"Toll",1,82003859,"Common","M","1st Edition","Magic Ruler","MRL-034"
"Toll",1,82003859,"Common","M","Unlimited","Magic Ruler","MRL-034"
"Toon Summoned Skull",1,91842653,"Ultra Rare","M","Unlimited","Magic Ruler","MRL-073"
"Tornado Wall",2,18605135,"Common","M","Unlimited","Labyrinth of Nightmare","LON-023"
"Trap Dustshoot",1,64697231,"Common","M","1st Edition","Pharaonic Guardian","PGD-049"
"Tremendous Fire",3,46918794,"Common","M","Unlimited","Metal Raiders","MRD-088"
"Trent",1,78780140,"Common","M","Unlimited","Metal Raiders","MRD-052"
"Trial of Nightmare",1,77827521,"Common","M","1st Edition","The Legend of Blue Eyes White Dragon","LOB-012"
"Trial of Nightmare",2,77827521,"Common","M","Unlimited","The Legend of Blue Eyes White Dragon","LOB-012"
"Trial of Nightmare",3,77827521,"Common","M","Unlimited","Magic Ruler","MRL-E112"
"Tripwire Beast",2,45042329,"Common","M","Unlimited","The Legend of Blue Eyes White Dragon","LOB-104"
"Troop Dragon",4,55013285,"Common","M","Unlimited","Legacy of Darkness","LOD-042"
"Troop Dragon",2,55013285,"Common","M","1st Edition","Legacy of Darkness","LOD-042"
"Turtle Oath",4,76806714,"Common","M","Unlimited","Magic Ruler","MRL-066"
"Turtle Tiger",1,37313348,"Common","M","1st Edition","The Legend of Blue Eyes White Dragon","LOB-023"
"Turtle Tiger",4,37313348,"Common","M","Unlimited","The Legend of Blue Eyes White Dragon","LOB-023"
"Tutan Mask",1,3149764,"Common","M","Unlimited","Pharaonic Guardian","PGD-041"
"Twin Long Rods #2",2,29692206,"Common","M","Unlimited","Magic Ruler","MRL-057"
"Twin-Headed Fire Dragon",1,78984772,"Common","M","1st Edition","Pharaoh's Servant","PSV-042"
"Twin-Headed Fire Dragon",1,78984772,"Common","M","Unlimited","Pharaoh's Servant","PSV-042"
"Twin-Headed Wolf",5,88132637,"Common","M","Unlimited","Legacy of Darkness","LOD-008"
"Two-Mouth Darkruler",4,57305373,"Common","M","Unlimited","The Legend of Blue Eyes White Dragon","LOB-030"
"Two-Pronged Attack",1,83887306,"Rare","M","Unlimited","The Legend of Blue Eyes White Dragon","LOB-061"
"Tyhone",1,72842870,"Common","M","1st Edition","The Legend of Blue Eyes White Dragon","LOB-063"
"Type Zero Magic Crusher",3,21237481,"Common","M","Unlimited","Pharaoh's Servant","PSV-074"
"Type Zero Magic Crusher",2,21237481,"Common","M","1st Edition","Pharaoh's Servant","PSV-074"
"UFO Turtle",1,60806437,"Rare","M","Unlimited","Magic Ruler","MRL-081"
"Umi",1,22702055,"Common","M","Unlimited","The Legend of Blue Eyes White Dragon","LOB-050"
"Umiiruka",2,82999629,"Common","M","Unlimited","Magic Ruler","MRL-097"
"Upstart Goblin",5,70368879,"Common","M","Unlimited","Magic Ruler","MRL-033"
"Uraby",2,1784619,"Common","M","Unlimited","The Legend of Blue Eyes White Dragon","LOB-069"
"Vengeful Bog Spirit",1,95220856,"Common","M","Unlimited","Labyrinth of Nightmare","LON-103"
"Vile Germs",1,39774685,"Common","M","Unlimited","The Legend of Blue Eyes White Dragon","LOB-090"
"Violet Crystal",1,15052462,"Common","M","Unlimited","The Legend of Blue Eyes White Dragon","LOB-042"
"Wall Shadow",1,63162310,"Common","M","Unlimited","Magic Ruler","MRL-056"
"Warrior Dai Grepher",2,75953262,"Common","M","Unlimited","Legacy of Darkness","LOD-020"
"Wasteland",2,23424603,"Common","M","Unlimited","The Legend of Blue Eyes White Dragon","LOB-047"
"Water Omotics",2,2483611,"Common","M","Unlimited","Metal Raiders","MRD-021"
"Water Omotics",1,2483611,"Common","M","1st Edition","Metal Raiders","MRD-021"
"Weather Report",5,72053645,"Common","M","Unlimited","Magic Ruler","MRL-020"
"Whiptail Crow",1,91996584,"Common","M","1st Edition","Magic Ruler","MRL-027"
"Whiptail Crow",1,91996584,"Common","M","Unlimited","Magic Ruler","MRL-027"
"White Magical Hat",1,15150365,"Rare","M","Unlimited","Metal Raiders","MRD-016"
"Winged Dragon, Guardian of the Fortress #1",3,87796900,"Common","M","Unlimited","Metal Raiders","MRD-002"
"Winged Dragon, Guardian of the Fortress #1",1,87796900,"Common","M","1st Edition","Metal Raiders","MRD-002"
"Winged Minion",3,89258225,"Common","M","Unlimited","Legacy of Darkness","LOD-005"
"Winged Sage Falcos",1,87523462,"Rare","M","Unlimited","Pharaonic Guardian","PGD-072"
"Wingweaver",1,31447217,"Common","M","Unlimited","Pharaoh's Servant","PSV-096"
"Witch of the Black Forest",1,78010363,"Rare","M","Unlimited","Metal Raiders","MRD-116"
"Witch's Apprentice",1,80741828,"Rare","M","Unlimited","Metal Raiders","MRD-121"
"Witty Phantom",2,36304921,"Common","M","Unlimited","The Legend of Blue Eyes White Dragon","LOB-072"
"Wolf Axwielder",1,56369281,"Common","M","Unlimited","Legacy of Darkness","LOD-052"
"Woodland Sprite",1,6979239,"Common","M","Unlimited","Legacy of Darkness","LOD-061"
"World Suppression",1,12253117,"Common","M","1st Edition","Pharaoh's Servant","PSV-020"
"World Suppression",2,12253117,"Common","M","Unlimited","Pharaoh's Servant","PSV-020"
"Worm Drake",3,73216412,"Common","M","Unlimited","Labyrinth of Nightmare","LON-004"
"Yami",3,59197169,"Common","M","Unlimited","The Legend of Blue Eyes White Dragon","LOB-051"
"Yomi Ship",1,51534754,"Common","M","Unlimited","Pharaonic Guardian","PGD-071"
"Zombyra the Dark",2,88472456,"Common","M","1st Edition","Labyrinth of Nightmare","LON-074"
"Zombyra the Dark",3,88472456,"Common","M","Unlimited","Labyrinth of Nightmare","LON-074"